"","twitter_name","party","personal.first_name","personal.last_name"
"1",NA,"FDP","Alexander","Graf Lambsdorff"
"2","martinschulz","SPD","Martin","Schulz"
"3",NA,"FDP","Michael","Theurer"
"4","fabiodemasi","DIE LINKE","Fabio","De Masi"
"5",NA,"SPD","Sarah","Ryglewski"
"6","anked","DIE LINKE","Anke","Domscheit-Berg"
"7","beatrix_vstorch","AfD","Beatrix","von Storch"
"8","konstantinkuhle","FDP","Konstantin Elias","Kuhle"
"9","jojoschraps","SPD","Johannes","Schraps"
"10",NA,"AfD","Armin Paul","Hampel"
"11","petrbystronafd","AfD","Petr","Bystron"
"12",NA,"AfD","Waldemar","Herdt"
"13","mtodtenhausen","FDP","Manfred","Todtenhausen"
"14","norbert_mdb","DIE LINKE","Norbert","Müller"
"15",NA,"CDU","Alexander","Krauß"
"16",NA,"FDP","Jürgen","Martens"
"17",NA,"AfD","Alexander","Gauland"
"18","steffenkotre","AfD","Steffen","Kotré"
"19",NA,"Die blaue Partei","Frauke","Petry"
"20","hermiworld","AfD","Lars","Herrmann"
"21",NA,"AfD","Christoph","Neumann"
"22",NA,"AfD","Siegbert","Droese"
"23",NA,"AfD","Detlev","Spangenberg"
"24","torstenherbst","FDP","Torsten","Herbst"
"25","kemmerichthl","FDP","Thomas L.","Kemmerich"
"26","stbrandner","AfD","Stephan","Brandner"
"27",NA,"CDU","Christoph","de Vries"
"28",NA,"CDU","Christoph","Ploß"
"29",NA,"AfD","Bernd","Baumann"
"30","kaygottschalk1","AfD","Kay","Gottschalk"
"31","zaklinnastic","DIE LINKE","Zaklin","Nastic"
"32","katjasuding","FDP","Katja","Suding"
"33",NA,"FDP","Wieland","Schinnenburg"
"34",NA,"AfD","Frank","Magnitz"
"35","kirstenkappert","DIE GRÜNEN","Kirsten","Kappert-Gonther"
"36","jenszimmermann1","SPD","Jens","Zimmermann"
"37","yvonnemagwas","CDU","Yvonne","Magwas"
"38","diether_dehm","DIE LINKE","Diether","Dehm"
"39","josteiniger","CDU","Johannes","Steiniger"
"40",NA,"CSU","Astrid","Freudenstein"
"41",NA,"CDU","Nina","Warken"
"42",NA,"CSU","Artur","Auernhammer"
"43","drlaunert","CSU","Silke","Launert"
"44","peteraltmaier","CDU","Peter","Altmaier"
"45",NA,"DIE LINKE","Alexander","Ulrich"
"46",NA,"CDU","Kai","Whittaker"
"47","jowadephul","CDU","Johann","Wadephul"
"48","konstantinnotz","DIE GRÜNEN","Konstantin","von Notz"
"49","carstentraeger","SPD","Carsten","Träger"
"50","petra_sitte_mdb","DIE LINKE","Petra","Sitte"
"51",NA,"CDU","Detlef","Seif"
"52",NA,"CDU","Johannes","Selle"
"53",NA,"CDU","Reinhold","Sendker"
"54",NA,"CDU","Patrick","Sensburg"
"55",NA,"CSU","Thomas","Silberhorn"
"56","uweschummer","CDU","Uwe","Schummer"
"57",NA,"SPD","Mahmut","Özdemir"
"58",NA,"DIE GRÜNEN","Frithjof","Schmidt"
"59","pschnieder","CDU","Patrick","Schnieder"
"60",NA,"SPD","Rolf","Mützenich"
"61",NA,"SPD","Andrea","Nahles"
"62","betmueller","SPD","Bettina","Müller"
"63","marlenemortler","CSU","Marlene","Mortler"
"64","janmetzler","CDU","Jan","Metzler"
"65","hildemattheis","SPD","Hilde","Mattheis"
"66","loetzschmdb","DIE LINKE","Gesine","Lötzsch"
"67","kleikert","CDU","Katja","Leikert"
"68","markuskurthmdb","DIE GRÜNEN","Markus","Kurth"
"69","babetteschefin","DIE GRÜNEN","Sylvia","Kotting-Uhl"
"70","jankortemdb","DIE LINKE","Jan","Korte"
"71","volkmarklein","CDU","Volkmar","Klein"
"72","sven_kindler","DIE GRÜNEN","Sven-Christian","Kindler"
"73","kaczmarekoliver","SPD","Oliver","Kaczmarek"
"74","heikehaensel","DIE LINKE","Heike","Hänsel"
"75",NA,"CDU","Stephan","Harbarth"
"76","juergenhardt","CDU","Jürgen","Hardt"
"77","thomashitschler","SPD","Thomas","Hitschler"
"78","christianhirte","CDU","Christian","Hirte"
"79","ullajelpke","DIE LINKE","Ulla","Jelpke"
"80",NA,"CDU","Andreas","Jung"
"81",NA,"CDU","Ursula","Groden-Kranich"
"82","groehe","CDU","Hermann","Gröhe"
"83",NA,"CDU","Klaus-Dieter","Gröhler"
"84",NA,"CDU","Hans-Joachim","Fuchtel"
"85","agnieszka_mdb","DIE GRÜNEN","Agnieszka","Brugger"
"86","ch_buchholz","DIE LINKE","Christine","Buchholz"
"87","brunnerganzohr","SPD","Karl-Heinz","Brunner"
"88",NA,"CDU","Michael","Brand"
"89","mwbirkwald","DIE LINKE","Matthias W.","Birkwald"
"90","mdb_ulrike_bahr","SPD","Ulrike","Bahr"
"91","soerenbartol","SPD","Sören","Bartol"
"92","matthiasbartke","SPD","Matthias","Bartke"
"93","goeringeckardt","DIE GRÜNEN","Katrin","Göring-Eckardt"
"94","thlutze","DIE LINKE","Thomas","Lutze"
"95",NA,"SPD","Sascha","Raabe"
"96","martinarenner","DIE LINKE","Martina","Renner"
"97","matthiaszimmer","CDU","Matthias","Zimmer"
"98",NA,"DIE LINKE","Sabine","Zimmermann"
"99","markustressel","DIE GRÜNEN","Markus","Tressel"
"100",NA,"DIE LINKE","Pia","Zimmermann"
"101",NA,"SPD","Stefan","Zierke"
"102","zieglermdb","SPD","Dagmar","Ziegler"
"103",NA,"CSU","Emmi","Zeulner"
"104","zdebelhubertus","DIE LINKE","Hubertus","Zdebel"
"105",NA,"SPD","Gülistan","Yüksel"
"106","dirkwiese4","SPD","Dirk","Wiese"
"107",NA,"CDU","Klaus-Peter","Willsch"
"108",NA,"CDU","Elisabeth","Winkelmeier-Becker"
"109",NA,"CDU","Oliver","Wittke"
"110","anjaweisgerber","CSU","Anja","Weisgerber"
"111",NA,"CDU","Sabine","Weiss"
"112",NA,"CDU","Peter","Weiß"
"113","wellenreuther","CDU","Ingo","Wellenreuther"
"114","mdbwendt","CDU","Marian","Wendt"
"115",NA,"SPD","Bernd","Westphal"
"116","gabiweberspd","SPD","Gabi","Weber"
"117","kaiwegner","CDU","Kai","Wegner"
"118",NA,"CDU","Albert","Weiler"
"119","haraldweinberg","DIE LINKE","Harald","Weinberg"
"120","marcusweinberg","CDU","Marcus","Weinberg"
"121","wanderwitz","CDU","Marco","Wanderwitz"
"122","swagenknecht","DIE LINKE","Sahra","Wagenknecht"
"123","beatewaro","DIE GRÜNEN","Beate","Walter-Rosenheimer"
"124",NA,"SPD","Dirk","Vöpel"
"125",NA,"CDU","Christian","von Stetten"
"126",NA,"CDU","Ursula","von der Leyen"
"127",NA,"CDU","Hans-Georg","von der Marwitz"
"128",NA,"CDU","Matern","von Marschall"
"129",NA,"CDU","Oswin","Veith"
"130","julia_verlinden","DIE GRÜNEN","Julia","Verlinden"
"131",NA,"CDU","Volkmar","Vogel"
"132","voglerk","DIE LINKE","Kathrin","Vogler"
"133","utevogt","SPD","Ute","Vogt"
"134",NA,"CDU","Arnold","Vaatz"
"135","volkerullrich","CSU","Volker","Ullrich"
"136","jtrittin","DIE GRÜNEN","Jürgen","Trittin"
"137",NA,"CDU","Antje","Tillmann"
"138","michael_thews","SPD","Michael","Thews"
"139",NA,"CDU","Michael","Stübgen"
"140","kerstin_tack","SPD","Kerstin","Tack"
"141","kirstentackmann","DIE LINKE","Kirsten","Tackmann"
"142","petertauber","CDU","Peter","Tauber"
"143",NA,"SPD","Claudia","Tausend"
"144",NA,"CDU","Karin","Strenz"
"145",NA,"CSU","Max","Straubinger"
"146",NA,"CSU","Stephan","Stracke"
"147","gero_storjohann","CDU","Gero","Storjohann"
"148",NA,"CDU","Dieter","Stier"
"149",NA,"CDU","Albert","Stegemann"
"150","peter_stein_cdu","CDU","Peter","Stein"
"151","steinekecdu","CDU","Sebastian","Steineke"
"152",NA,"DIE LINKE","Kersten","Steinke"
"153","steffensonja","SPD","Sonja","Steffen"
"154",NA,"CSU","Wolfgang","Stefinger"
"155",NA,"CDU","Frank","Steffel"
"156","stamm_fibich","SPD","Martina","Stamm-Fibich"
"157",NA,"CDU","Tino","Sorge"
"158",NA,"CDU","Jens","Spahn"
"159",NA,"SPD","Rainer","Spiering"
"160","stadler_svenja","SPD","Svenja","Stadler"
"161",NA,"CDU","Armin","Schuster"
"162","frankschwabe","SPD","Frank","Schwabe"
"163","s_schwartze","SPD","Stefan","Schwartze"
"164","schwarz_spd","SPD","Andreas","Schwarz"
"165","rischwasu","SPD","Rita","Schwarzelühr-Sutter"
"166",NA,"SPD","Ewald","Schurer"
"167","k_sa","DIE GRÜNEN","Kordula","Schulz-Asche"
"168",NA,"CDU","Klaus-Peter","Schulze"
"169","swenschulz","SPD","Swen","Schulz"
"170",NA,"SPD","Ursula","Schulte"
"171","nadineschoen","CDU","Nadine","Schön"
"172",NA,"SPD","Ulla","Schmidt"
"173","schneidercar","SPD","Carsten","Schneider"
"174",NA,"CDU","Anita","Schäfer"
"175",NA,"SPD","Axel","Schäfer"
"176","wolf_schauble","CDU","Wolfgang","Schäuble"
"177","ulle_schauws","DIE GRÜNEN","Ulle","Schauws"
"178",NA,"SPD","Nina","Scheer"
"179","andischeuer","CSU","Andreas","Scheuer"
"180","schickgerhard","DIE GRÜNEN","Gerhard","Schick"
"181",NA,"SPD","Marianne","Schieder"
"182","udoschiefner","SPD","Udo","Schiefner"
"183","janaschimke","CDU","Jana","Schimke"
"184","tschipanski","CDU","Tankred","Schipanski"
"185","johann_saathoff","SPD","Johann","Saathoff"
"186","manuelsarrazin","DIE GRÜNEN","Manuel","Sarrazin"
"187",NA,"CSU","Christian","Schmidt"
"188","dieschmidt","SPD","Dagmar","Schmidt"
"189","edrossmann","SPD","Ernst Dieter","Rossmann"
"190","tabearoessner","DIE GRÜNEN","Tabea","Rößner"
"191",NA,"DIE GRÜNEN","Claudia","Roth"
"192","miro_spd","SPD","Michael","Roth"
"193",NA,"CDU","Norbert","Röttgen"
"194","erwin_rueddel","CDU","Erwin","Rüddel"
"195","crueffer","DIE GRÜNEN","Corinna","Rüffer"
"196",NA,"CSU","Albert","Rupprecht"
"197","susannruethrich","SPD","Susann","Rüthrich"
"198",NA,"SPD","Bernd","Rützel"
"199",NA,"CDU","Johannes","Röring"
"200","martinrosemann","SPD","Martin","Rosemann"
"201",NA,"SPD","René","Röspel"
"202","eckhardtrehberg","CDU","Eckhardt","Rehberg"
"203",NA,"SPD","Carola","Reimann"
"204",NA,"CDU","Lothar","Riebsamen"
"205",NA,"CDU","Josef","Rief"
"206","spduesseldorf","SPD","Andreas","Rimkus"
"207","soenkerix","SPD","Sönke","Rix"
"208","dennisrohde","SPD","Dennis","Rohde"
"209",NA,"CSU","Alois","Rainer"
"210",NA,"CSU","Peter","Ramsauer"
"211","alexanderradwan","CSU","Alexander","Radwan"
"212",NA,"CDU","Kerstin","Radomski"
"213",NA,"CDU","Thomas","Rachel"
"214","martinrabanus","SPD","Martin","Rabanus"
"215",NA,"CDU","Eckhard","Pols"
"216",NA,"SPD","Sabine","Poschmann"
"217","florianpost","SPD","Florian","Post"
"218","achim_p","SPD","Achim","Post"
"219","florianpronold","SPD","Florian","Pronold"
"220",NA,"CDU","Joachim","Pfeiffer"
"221","detlevpilger","SPD","Detlev","Pilger"
"222","lisapaus","DIE GRÜNEN","Lisa","Paus"
"223","petrapaumahe","DIE LINKE","Petra","Pau"
"224",NA,"CDU","Martin","Patzelt"
"225","sylviapantel","CDU","Sylvia","Pantel"
"226","oezoguz","SPD","Aydan","Özoguz"
"227","fostendorff","DIE GRÜNEN","Friedrich","Ostendorff"
"228",NA,"CDU","Henning","Otte"
"229","cem_oezdemir","DIE GRÜNEN","Cem","Özdemir"
"230","nouripour","DIE GRÜNEN","Omid","Nouripour"
"231",NA,"CSU","Georg","Nüßlein"
"232","wilfriedoellers","CDU","Wilfried","Oellers"
"233","thomasoppermann","SPD","Thomas","Oppermann"
"234","florian_ossner","CSU","Florian","Oßner"
"235","alexandersneu","DIE LINKE","Alexander S.","Neu"
"236","drandreasnick","CDU","Andreas","Nick"
"237",NA,"SPD","Dietmar","Nietan"
"238","ullinissen","SPD","Ulli","Nissen"
"239",NA,"CDU","Michaela","Noll"
"240","nordmdb","DIE LINKE","Thomas","Nord"
"241","smuellermdb","CSU","Stefan","Müller"
"242",NA,"CDU","Carsten","Müller"
"243","gruenebeate","DIE GRÜNEN","Beate","Müller-Gemmeke"
"244",NA,"SPD","Michelle","Müntefering"
"245",NA,"CSU","Gerd","Müller"
"246","niemamovassat","DIE LINKE","Niema","Movassat"
"247",NA,"CDU","Dietrich","Monstadt"
"248","karstenmoering","CDU","Karsten","Möring"
"249","conni_moehring","DIE LINKE","Cornelia","Möhring"
"250",NA,"SPD","Susanne","Mittag"
"251",NA,"SPD","Klaus","Mindrup"
"252","irenemihalic","DIE GRÜNEN","Irene","Mihalic"
"253","hans_michelbach","CSU","Hans","Michelbach"
"254",NA,"CDU","Mathias","Middelberg"
"255",NA,"SPD","Matthias","Miersch"
"256",NA,"CSU","Stephan","Mayer"
"257","meister_schafft","CDU","Michael","Meister"
"258",NA,"CDU","Angela","Merkel"
"259","manderlagisela","CDU","Gisela","Manderla"
"260",NA,"SPD","Caren","Marks"
"261","katjamast","SPD","Katja","Mast"
"262","amattfeldt","CDU","Andreas","Mattfeldt"
"263",NA,"CDU","Karin","Maag"
"264",NA,"SPD","Kirsten","Lühmann"
"265",NA,"CSU","Daniela","Ludwig"
"266","jm_luczak","CDU","Jan-Marco","Luczak"
"267",NA,"CDU","Carsten","Linnemann"
"268",NA,"CDU","Patricia","Lips"
"269","lischkab","SPD","Burkhard","Lischka"
"270","andrealindholz","CSU","Andrea","Lindholz"
"271","tobiaslindner","DIE GRÜNEN","Tobias","Lindner"
"272",NA,"CSU","Andreas","Lenz"
"273","michaelleutert","DIE LINKE","Michael","Leutert"
"274",NA,"CDU","Antje","Lezius"
"275","berlinliebich","DIE LINKE","Stefan","Liebich"
"276",NA,"DIE LINKE","Ralph","Lenkert"
"277","steffilemke","DIE GRÜNEN","Steffi","Lemke"
"278","sabineleidig","DIE LINKE","Sabine","Leidig"
"279",NA,"CSU","Paul","Lehrieder"
"280","monikalazar","DIE GRÜNEN","Monika","Lazar"
"281","carenlay","DIE LINKE","Caren","Lay"
"282",NA,"SPD","Christine","Lambrecht"
"283",NA,"CDU","Karl A.","Lamers"
"284",NA,"CDU","Andreas","Lämmel"
"285",NA,"CDU","Katharina","Landgraf"
"286","langemdb","SPD","Christian","Lange"
"287",NA,"CSU","Ulrich","Lange"
"288","karl_lauterbach","SPD","Karl","Lauterbach"
"289","renatekuenast","DIE GRÜNEN","Renate","Künast"
"290","dr_roy_kuehne","CDU","Roy","Kühne"
"291","chriskuehn_mdb","DIE GRÜNEN","Christian","Kühn"
"292","stephankuehn","DIE GRÜNEN","Stephan","Kühn"
"293",NA,"SPD","Anette","Kramme"
"294","juttakrellmann","DIE LINKE","Jutta","Krellmann"
"295",NA,"CDU","Gunther","Krichbaum"
"296",NA,"CDU","Günter","Krings"
"297","oliver_krischer","DIE GRÜNEN","Oliver","Krischer"
"298","ruedigerkruse","CDU","Rüdiger","Kruse"
"299","jenskoeppen","CDU","Jens","Koeppen"
"300","baerbelkofler","SPD","Bärbel","Kofler"
"301","danielakolbe","SPD","Daniela","Kolbe"
"302","koobmar","CDU","Markus","Koob"
"303",NA,"CDU","Carsten","Körber"
"304",NA,"CDU","Axel","Knoerig"
"305","mariaklschmeink","DIE GRÜNEN","Maria","Klein-Schmeink"
"306","larsklingbeil","SPD","Lars","Klingbeil"
"307",NA,"CDU","Georg","Kippels"
"308","katjakipping","DIE LINKE","Katja","Kipping"
"309","canselk","SPD","Cansel","Kiziltepe"
"310","arnoklare","SPD","Arno","Klare"
"311",NA,"CDU","Roderich","Kiesewetter"
"312",NA,"DIE GRÜNEN","Katja","Keul"
"313","anjakarliczek","CDU","Anja","Karliczek"
"314",NA,"DIE LINKE","Kerstin","Kassner"
"315",NA,"SPD","Gabriele","Katzmarek"
"316",NA,"CDU","Volker","Kauder"
"317","stefankaufmann","CDU","Stefan","Kaufmann"
"318","uwekekeritz","DIE GRÜNEN","Uwe","Kekeritz"
"319","ulrichkelber","SPD","Ulrich","Kelber"
"320",NA,"SPD","Ralf","Kapschack"
"321",NA,"CSU","Alois","Karl"
"322","kahrs","SPD","Johannes","Kahrs"
"323","josip_juratovic","SPD","Josip","Juratovic"
"324",NA,"SPD","Thomas","Jurk"
"325","fjunge","SPD","Frank","Junge"
"326",NA,"CSU","Erich","Irlstorfer"
"327","djanecek","DIE GRÜNEN","Dieter","Janecek"
"328","tj_tweets","CDU","Thomas","Jarzombek"
"329","andrejhunko","DIE LINKE","Andrej","Hunko"
"330","evahoegl","SPD","Eva","Högl"
"331",NA,"CSU","Karl","Holmeier"
"332",NA,"CDU","Hendrik","Hoppenstedt"
"333",NA,"DIE GRÜNEN","Anton","Hofreiter"
"334",NA,"CSU","Alexander","Hoffmann"
"335","hhirte","CDU","Heribert","Hirte"
"336","marcusheld_spd","SPD","Marcus","Held"
"337",NA,"CDU","Mark","Helfrich"
"338",NA,"SPD","Wolfgang","Hellmich"
"339",NA,"SPD","Barbara","Hendricks"
"340",NA,"CDU","Rudolf","Henke"
"341",NA,"CDU","Michael","Hennrich"
"342","gustavherzogmdb","SPD","Gustav","Herzog"
"343",NA,"CDU","Ansgar","Heveling"
"344","gabihillerohm","SPD","Gabriele","Hiller-Ohm"
"345","dirk_heidenblut","SPD","Dirk","Heidenblut"
"346","matthiasheider","CDU","Matthias","Heider"
"347","hubertus_heil","SPD","Hubertus","Heil"
"348","mechthildheil","CDU","Mechthild","Heil"
"349","frankheinrich","CDU","Frank","Heinrich"
"350",NA,"SPD","Gabriela","Heinrich"
"351","markhauptmann","CDU","Mark","Hauptmann"
"352","matthiashauer","CDU","Matthias","Hauer"
"353","brihasselmann","DIE GRÜNEN","Britta","Haßelmann"
"354","sebast_hartmann","SPD","Sebastian","Hartmann"
"355","metinhakverdi","SPD","Metin","Hakverdi"
"356",NA,"DIE LINKE","André","Hahn"
"357","hahnflo","CSU","Florian","Hahn"
"358","hajdukbundestag","DIE GRÜNEN","Anja","Hajduk"
"359","ritahaglkehl","SPD","Rita","Hagl-Kehl"
"360",NA,"CDU","Christian","Haase"
"361",NA,"SPD","Bettina","Hagedorn"
"362",NA,"DIE LINKE","Gregor","Gysi"
"363",NA,"CDU","Fritz","Güntzler"
"364",NA,"CDU","Olav","Gutting"
"365",NA,"CDU","Astrid","Grotelüschen"
"366","uligroetsch","SPD","Uli","Grötsch"
"367",NA,"CDU","Markus","Grübel"
"368","manfred_grund","CDU","Manfred","Grund"
"369",NA,"CDU","Oliver","Grundmann"
"370",NA,"CDU","Monika","Grütters"
"371","michaelgrossmdb","SPD","Michael","Groß"
"372","kerstingriese","SPD","Kerstin","Griese"
"373","nicolegohlke","DIE LINKE","Nicole","Gohlke"
"374",NA,"SPD","Martin","Gerster"
"375",NA,"CDU","Eberhard","Gienger"
"376","kaigehring","DIE GRÜNEN","Kai","Gehring"
"377",NA,"SPD","Michael","Gerdes"
"378",NA,"CDU","Alois","Gerig"
"379","sigmargabriel","SPD","Sigmar","Gabriel"
"380",NA,"CDU","Ingo","Gädechens"
"381","matthiasgastel","DIE GRÜNEN","Matthias","Gastel"
"382","thomasgebhart","CDU","Thomas","Gebhart"
"383","hpfriedrichcsu","CSU","Hans-Peter","Friedrich"
"384","michaelfrieser","CSU","Michael","Frieser"
"385",NA,"SPD","Dagmar","Freitag"
"386","frankeedgar","SPD","Edgar","Franke"
"387",NA,"SPD","Ulrich","Freese"
"388",NA,"CDU","Thorsten","Frei"
"389",NA,"CDU","Maria","Flachsbarth"
"390","ernst_klaus","DIE LINKE","Klaus","Ernst"
"391","eskensaskia","SPD","Saskia","Esken"
"392",NA,"CDU","Hermann","Färber"
"393",NA,"SPD","Johannes","Fechner"
"394",NA,"CDU","Uwe","Feiler"
"395","fritzfelgentreu","SPD","Fritz","Felgentreu"
"396",NA,"CDU","Enak","Ferlemann"
"397",NA,"CDU","Michael","Donth"
"398","katjadoerner","DIE GRÜNEN","Katja","Dörner"
"399",NA,"CDU","Marie-Luise","Dött"
"400","katdro","DIE GRÜNEN","Katharina","Dröge"
"401","hansjoerg_durz","CSU","Hansjörg","Durz"
"402","ebner_sha","DIE GRÜNEN","Harald","Ebner"
"403","ekindeligoez","DIE GRÜNEN","Ekin","Deligöz"
"404","karambadiaby","SPD","Karamba","Diaby"
"405","dittmarsabine","SPD","Sabine","Dittmar"
"406",NA,"CSU","Alexander","Dobrindt"
"407","keesdevriescdu","CDU","Kees","de Vries"
"408",NA,"CDU","Thomas","de Maiziére"
"409","deridder_mdb","SPD","Daniela","De Ridder"
"410","larscastellucci","SPD","Lars","Castellucci"
"411",NA,"CDU","Gitta","Connemann"
"412","sevimdagdelen","DIE LINKE","Sevim","Dagdelen"
"413",NA,"SPD","Bernhard","Daldrup"
"414","marcobuelow","Parteilos","Marco","Bülow"
"415","burkertmartin","SPD","Martin","Burkert"
"416",NA,"CSU","Reinhard","Brandl"
"417","fbrantner","DIE GRÜNEN","Franziska","Brantner"
"418",NA,"CDU","Ralf","Brauksiepe"
"419","hbraun","CDU","Helge","Braun"
"420","heikebrehmermdb","CDU","Heike","Brehmer"
"421","rbrinkhaus","CDU","Ralph","Brinkhaus"
"422",NA,"CDU","Peter","Bleser"
"423",NA,"DIE LINKE","Heidrun","Bluhm"
"424",NA,"CDU","Norbert","Brackmann"
"425","lothar_binding","SPD","Lothar","Binding"
"426","steffenbilger","CDU","Steffen","Bilger"
"427","peterbeyercdu","CDU","Peter","Beyer"
"428",NA,"CDU","André","Berghegger"
"429","sybillebenning","CDU","Sybille","Benning"
"430",NA,"CDU","Veronika","Bellmann"
"431",NA,"CDU","Manfred","Behrens"
"432","maikbeermann","CDU","Maik","Beermann"
"433","dietmarbartsch","DIE LINKE","Dietmar","Bartsch"
"434","baerbelbas","SPD","Bärbel","Bas"
"435",NA,"SPD","Doris","Barnett"
"436",NA,"CDU","Norbert","Barthle"
"437",NA,"CDU","Thomas","Bareiß"
"438","katarinabarley","SPD","Katarina","Barley"
"439","dorobaer","CSU","Dorothee","Bär"
"440","kerstinandreae","DIE GRÜNEN","Kerstin","Andreae"
"441","nielsannen","SPD","Niels","Annen"
"442",NA,"SPD","Ingrid","Arndt-Brauer"
"443",NA,"SPD","Heike","Baehrens"
"444","abaerbock","DIE GRÜNEN","Annalena","Baerbock"
"445",NA,"CDU","Stephan","Albani"
"446","cpetrymdb","SPD","Christian","Petry"
"447","w_sk","DIE GRÜNEN","Wolfgang","Strengmann-Kuhn"
"448","ronjakemmer","CDU","Ronja","Kemmer"
"449","a_gloeckner","SPD","Angelika","Glöckner"
"450","muellerchemnitz","SPD","Detlef","Müller"
"451","alice_weidel","AfD","Alice","Weidel"
"452","b_riexinger","DIE LINKE","Bernd","Riexinger"
"453",NA,"FDP","Alexander","Kulitz"
"454","goekayakbulut","DIE LINKE","Gökay","Akbulut"
"455",NA,"CDU","Alexander","Throm"
"456","jbrandenburgfdp","FDP","Jens","Brandenburg"
"457",NA,"DIE LINKE","Jessica","Tatti"
"458","marcbernhardafd","AfD","Marc","Bernhard"
"459","frohnmaier_afd","AfD","Markus","Frohnmaier"
"460",NA,"CDU","Felix","Schreiner"
"461",NA,"DIE LINKE","Michel","Brandt"
"462","bstrasser","FDP","Benjamin","Strasser"
"463","th_seitz_afd","AfD","Thomas","Seitz"
"464","nilsschmid","SPD","Nils","Schmid"
"465",NA,"DIE LINKE","Brigitte","Freihold"
"466","weesersandra","FDP","Sandra","Weeser"
"467","lieblingxhain","DIE GRÜNEN","Canan","Bayram"
"468",NA,"DIE LINKE","Helin Evrim","Sommer"
"469","stefangelbhaar","DIE GRÜNEN","Stefan","Gelbhaar"
"470","pascalmeiser","DIE LINKE","Pascal","Meiser"
"471","awidmannmauz","CDU","Annette","Widmann-Mauz"
"472",NA,"FDP","Bijan","Djir-Sarai"
"473",NA,"FDP","Christine","Aschenberg-Dugnus"
"474",NA,"FDP","Florian","Toncar"
"475","solms","FDP","Hermann Otto","Solms"
"476",NA,"DIE GRÜNEN","Erhard","Grundl"
"477","f_schaeffler","FDP","Frank","Schäffler"
"478","hartmutebbing","FDP","Hartmut","Ebbing"
"479",NA,"CDU","Jens","Lehmann"
"480","marcobuschmann","FDP","Marco","Buschmann"
"481",NA,"AfD","Martin","Hohmann"
"482",NA,"FDP","Michael","Link"
"483","mgrossebroemer","CDU","Michael","Grosse-Brömer"
"484","otto_fricke","FDP","Otto","Fricke"
"485",NA,"FDP","Pascal","Kober"
"486",NA,"FDP","Martin","Neumann"
"487","stephanthomae","FDP","Stephan","Thomae"
"488",NA,"FDP","Alexander","Müller"
"489","starkwatzinger","FDP","Bettina","Stark-Watzinger"
"490",NA,"FDP","Britta","Dassler"
"491","c_lindner","FDP","Christian","Lindner"
"492","danywagner_da","DIE GRÜNEN","Daniela","Wagner"
"493","marcelklingevs","FDP","Marcel","Klinge"
"494","ruppert_stefan","FDP","Stefan","Ruppert"
"495",NA,"FDP","Hagen","Reinhold"
"496",NA,"DIE GRÜNEN","Ingrid","Nestle"
"497","jimmyschulz","FDP","Jimmy","Schulz"
"498","johannesvogel","FDP","Johannes","Vogel"
"499",NA,"FDP","Judith","Skudelny"
"500","badulrichmartha","DIE GRÜNEN","Lisa","Badum"
"501","manuelhoeferlin","FDP","Manuel","Höferlin"
"502",NA,"FDP","Matthias","Seestern-Pauly"
"503","olliluksic","FDP","Oliver","Luksic"
"504",NA,"CSU","Peter","Aumer"
"505","ingrid_remmers","DIE LINKE","Ingrid","Remmers"
"506","andi_wagner","DIE LINKE","Andreas","Wagner"
"507","gruenclaudia","DIE GRÜNEN","Claudia","Müller"
"508","derdanyal","DIE GRÜNEN","Danyal","Bayaz"
"509",NA,"FDP","Bernd","Buchholz"
"510","marc_jongen","AfD","Marc","Jongen"
"511",NA,"AfD","Jörn","König"
"512","katrinhelling","FDP","Katrin","Helling-Plahr"
"513","marcusfaber","FDP","Marcus","Faber"
"514",NA,"DIE GRÜNEN","Margit","Stumpp"
"515",NA,"Parteilos","Mario","Mieruch"
"516","renner_afd","AfD","Martin E.","Renner"
"517","mischrodi","SPD","Michael","Schrodi"
"518","axelgehrke","AfD","Axel","Gehrke"
"519","renataalt_mdb","FDP","Renata","Alt"
"520",NA,"DIE GRÜNEN","Stefan","Schmidt"
"521","afdprotschka","AfD","Stephan","Protschka"
"522",NA,"AfD","Thomas","Ehrhorn"
"523",NA,"FDP","Till","Mansmann"
"524","tobiasmpeterka","AfD","Tobias Matthias","Peterka"
"525","tpflueger","DIE LINKE","Tobias","Pflüger"
"526",NA,"AfD","Volker","Münz"
"527",NA,"FDP","Wolfgang","Kubicki"
"528","danielakluckert","FDP","Daniela","Kluckert"
"529",NA,"CDU","Thomas","Heilmann"
"530","enricokomning","AfD","Enrico","Komning"
"531","ulschzi","AfD","Ulrike","Schielke-Ziesing"
"532","leif_erik_holm","AfD","Leif-Erik","Holm"
"533","birke_bull","DIE LINKE","Birke","Bull-Bischoff"
"534",NA,"SPD","Katrin","Budde"
"535",NA,"DIE LINKE","Matthias","Höhn"
"536",NA,"CDU","Elisabeth","Motschmann"
"537",NA,"FDP","Christian","Sauter"
"538",NA,"CDU","Petra","Nicolaisen"
"539","nikolasloebel","CDU","Nikolas","Löbel"
"540","lindateuteberg","FDP","Linda","Teuteberg"
"541","margaretebause","DIE GRÜNEN","Margarete","Bause"
"542",NA,"FDP","Karsten","Klein"
"543","fdp_hessel","FDP","Katja","Hessel"
"544","hacker_fdp","FDP","Thomas","Hacker"
"545","christophfdp","FDP","Christoph","Meyer"
"546",NA,"DIE GRÜNEN","Bettina","Hoffmann"
"547",NA,"CDU","Hans-Jürgen","Irmer"
"548","nicolabeerfdp","FDP","Nicola","Beer"
"549","peterheidtfdp","FDP","Peter","Heidt"
"550","timon_gremmels","SPD","Timon","Gremmels"
"551","achimkessler","DIE LINKE","Achim","Kessler"
"552","christianduerr","FDP","Christian","Dürr"
"553",NA,"FDP","Gero","Hocker"
"554","filizgreen","DIE GRÜNEN","Filiz","Polat"
"555","owvonholtz","DIE GRÜNEN","Ottmar","von Holtz"
"556","victorperli","DIE LINKE","Victor","Perli"
"557",NA,"FDP","Jens","Beeck"
"558","toens_nrw04","SPD","Markus","Töns"
"559","busen_mdb","FDP","Karlheinz","Busen"
"560","reutherbernd","FDP","Bernd","Reuther"
"561","mastrackzi","FDP","Marie-Agnes","Strack-Zimmermann"
"562","katrin_werner","DIE LINKE","Katrin","Werner"
"563","heikomaas","SPD","Heiko","Maas"
"564",NA,"CDU","Markus","Uhl"
"565",NA,"CDU","Astrid","Damerow"
"566","mvabercron","CDU","Michael","von Abercron"
"567",NA,"DIE GRÜNEN","Luise","Amtsberg"
"568","matschie","SPD","Christoph","Matschie"
"569",NA,"SPD","Uwe","Schmidt"
"570","gottfriedcurio","AfD","Gottfried","Curio"
"571","dfoest","FDP","Daniel","Föst"
"572",NA,"FDP","Nicole","Bauer"
"573",NA,"FDP","Ulrich","Lechte"
"574",NA,"AfD","Dietmar","Friedhoff"
"575",NA,"AfD","Jens","Kestner"
"576","springerren","AfD","René","Springer"
"577","buettnersdl","AfD","Matthias","Büttner"
"578","frank_pasemann","AfD","Frank","Pasemann"
"579","mrosek1958","AfD","Andreas","Mrosek"
"580","mdb_lucassen","AfD","Rüdiger","Lucassen"
"581","r_hartwig_afd","AfD","Roland","Hartwig"
"582","schneider_afd","AfD","Jörg","Schneider"
"583","udohemmelgarn","AfD","Udo","Hemmelgarn"
"584",NA,"AfD","Karsten","Hilse"
"585","tino_chrupalla","AfD","Tino","Chrupalla"
"586","jensmaierafd","AfD","Jens","Maier"
"587",NA,"AfD","Heiko","Heßenkemper"
"588",NA,"AfD","Ulrich","Oehme"
"589",NA,"AfD","Jan R.","Nolte"
"590",NA,"AfD","Albrecht","Glaser"
"591",NA,"AfD","Uwe","Schulz"
"592","m_harderkuehnel","AfD","Mariana","Harder-Kühnel"
"593","buergerwohl","AfD","Jürgen","Pohl"
"594",NA,"AfD","Robby","Schlund"
"595","andreasbleckmdb","AfD","Andreas","Bleck"
"596",NA,"AfD","Nicole","Höchst"
"597","s_muenzenmaier","AfD","Sebastian","Münzenmaier"
"598",NA,"AfD","Heiko","Wildberg"
"599",NA,"AfD","Johannes","Huber"
"600",NA,"AfD","Wolfgang","Wiehle"
"601","ttte94","AfD","Gerold","Otten"
"602",NA,"AfD","Martin","Hebner"
"603",NA,"AfD","Hansjörg","Müller"
"604","peterboehringer","AfD","Peter","Boehringer"
"605","podolay1","AfD","Paul","Podolay"
"606",NA,"AfD","Martin","Sichert"
"607",NA,"AfD","Rainer","Kraft"
"608",NA,"AfD","Peter","Felser"
"609","dirkspaniel","AfD","Dirk","Spaniel"
"610","profmaier","AfD","Lothar","Maier"
"611",NA,"AfD","Jürgen","Braun"
"612","martin_hess_afd","AfD","Martin","Hess"
"613",NA,"CDU","Melanie","Bernstein"
"614",NA,"CDU","Claudia","Schmidtke"
"615",NA,"CDU","Philipp","Amthor"
"616",NA,"CDU","Silvia","Breher"
"617","dr_tiemann","CDU","Dietlind","Tiemann"
"618",NA,"CDU","Eckhard","Gnodtke"
"619",NA,"CDU","Sepp","Müller"
"620","c_bernstiel","CDU","Christoph","Bernstiel"
"621",NA,"CDU","Torsten","Schweiger"
"622",NA,"CDU","Carsten","Brodesser"
"623",NA,"CDU","Hermann-Josef","Tebroke"
"624","stefanrouenhoff","CDU","Stefan","Rouenhoff"
"625",NA,"CDU","Marc","Henrichmann"
"626",NA,"CDU","Kerstin","Vieregge"
"627","paulziemiak","CDU","Paul","Ziemiak"
"628",NA,"CDU","Hans-Jürgen","Thies"
"629","ingmar_jung","CDU","Ingmar","Jung"
"630",NA,"CDU","Norbert","Altenkamp"
"631",NA,"CDU","Bettina","Wiesmann"
"632",NA,"CDU","Stefan","Sauer"
"633",NA,"CDU","Björn","Simon"
"634",NA,"CDU","Astrid","Mannes"
"635","josefoster","CDU","Josef","Oster"
"636","andreassteier","CDU","Andreas","Steier"
"637","torbjoernkartes","CDU","Torbjörn","Kartes"
"638","mbiadaczmdb","CDU","Marc","Biadacz"
"639",NA,"CDU","Axel Eduard","Fischer"
"640",NA,"CDU","Axel","Müller"
"641","katrin_staffler","CSU","Katrin","Staffler"
"642",NA,"CSU","Bernhard","Loos"
"643",NA,"CSU","Michael","Kuffer"
"644","stephpilsinger","CSU","Stephan","Pilsinger"
"645",NA,"CSU","Michael","Kießling"
"646",NA,"CSU","Thomas","Erndl"
"647",NA,"CSU","Sebastian","Brehm"
"648","svenlehmann","DIE GRÜNEN","Sven","Lehmann"
"649",NA,"DIE GRÜNEN","Manuela","Rottmann"
"650","annachristmann","DIE GRÜNEN","Anna","Christmann"
"651",NA,"DIE GRÜNEN","Gerhard","Zickenheiner"
"652","lgbeutin","DIE LINKE","Lorenz","Gösta Beutin"
"653",NA,"DIE LINKE","Amira","Mohamed Ali"
"654",NA,"DIE LINKE","Friedrich","Straetmanns"
"655",NA,"DIE LINKE","Sylvia","Gabelmann"
"656","linkepelli","DIE LINKE","Sören","Pellmann"
"657",NA,"DIE LINKE","Jörg","Cezanne"
"658",NA,"DIE LINKE","Eva-Maria","Schreiber"
"659","sbarrientosk","DIE LINKE","Simone","Barrientos"
"660",NA,"DIE LINKE","Susanne","Ferschl"
"661","doris_achelwilm","DIE LINKE","Doris","Achelwilm"
"662",NA,"FDP","Ulla","Ihnen"
"663",NA,"FDP","Grigorios","Aggelidis"
"664","franksitta","FDP","Frank","Sitta"
"665",NA,"FDP","Katharina","Willkomm"
"666",NA,"FDP","Markus","Herbrand"
"667","houbenreinhard","FDP","Reinhard Arnold","Houben"
"668",NA,"FDP","Nicole","Westig"
"669","muellerboehm","FDP","Roman","Müller-Böhm"
"670",NA,"FDP","Olaf","in der Beek"
"671",NA,"FDP","Carl-Julius","Cronenberg"
"672",NA,"FDP","Frank","Müller-Rosentritt"
"673","g_ullrichfdp","FDP","Gerald","Ullrich"
"674","carinak","FDP","Carina","Konrad"
"675","brafdp","FDP","Mario","Brandenburg"
"676","th_sattelberger","FDP","Thomas","Sattelberger"
"677","koehler_fdp","FDP","Lukas","Köhler"
"678","ullmannmdb","FDP","Andrew","Ullmann"
"679","c_jung77","FDP","Christian","Jung"
"680",NA,"FDP","Christoph","Hoffmann"
"681","stonie_kiel","SPD","Mathias","Stein"
"682",NA,"SPD","Siemtje","Möller"
"683",NA,"SPD","Marja-Liisa","Völlers"
"684",NA,"SPD","Falko","Mohrs"
"685","manjaschuele","SPD","Manja","Schüle"
"686",NA,"SPD","Claudia","Moll"
"687","helgelindh","SPD","Helge","Lindh"
"688","korkmazgt","SPD","Elvan","Korkmaz"
"689",NA,"SPD","Wiebke","Esdar"
"690",NA,"SPD","Nezahat","Baradari"
"691",NA,"SPD","Esther","Dilcher"
"692","lier_e","SPD","Elisabeth","Kaiser"
"693","lenibreymaier","SPD","Leni","Breymaier"
"694","joloulou","SPD","Josephine","Ortleb"
"695",NA,"AfD","Fabian","Jacobi"
"696","jochen_haug","AfD","Jochen","Haug"
"697","elsnervongronow","AfD","Berengar","Elsner von Gronow"
"698",NA,"AfD","Bruno","Hollnagel"
"699","uwe_kamann","Parteilos","Uwe","Kamann"
"700",NA,"SPD","Yasmin","Fahimi"
"701","stefankeuterafd","AfD","Stefan","Keuter"
"702","espendillerm","AfD","Michael","Espendiller"
"703",NA,"AfD","Franziska","Gminder"
"704","corinnamiazga","AfD","Corinna","Miazga"
"705","gtzfrmming","AfD","Götz","Frömming"
"706",NA,"AfD","Birgit","Malsack-Winkemann"
"707",NA,"AfD","Roman","Reusch"
"708","nkleinwaechter","AfD","Norbert","Kleinwächter"
"709","joanacotar","AfD","Joana","Cotar"
"710",NA,"AfD","Wilhelm","von Gottberg"
"711","h_weyel","AfD","Harald","Weyel"
"712","witt_uwe","AfD","Uwe","Witt"
"713","chrwirthmdb","AfD","Christian","Wirth"
"714",NA,"AfD","Verena","Hartmann"
"715","m_reichardt_afd","AfD","Martin","Reichardt"
"716",NA,"AfD","Marcus","Bühl"
"717","drfriesenmdb","AfD","Anton","Friesen"
"718","gydej","FDP","Gyde","Jensen"
